id,species,DNA
1,Lion,TACTGCGCTGCGAGCATGACGTGTTCTACGGTACATGAGT
2,Tiger,ATCGAGTGGCGTACGTACTATGCGACATCGGACTGTGGCA
3,Bear,GCTAGTACCGGACATCGATCAGCTACGAGTACGTCAGTAC
4,Leopard,GCTAGTACCGGACATCGATCAGCTACGAGTACGTCAGTAC
5,Elephant,TCGACTAGTACAGTGTGACGCTAGTACGAGCTAGTCGAGT
6,Giraffe,CGATCGGATGCTAGTACGATCGATCGATCGATCGATCGA
7,Zebra,CGTACGATCGTAGCTACGTAGCTACGATGCTAGTACGAT
8,Kangaroo,CTAGCTAGTCGATCGTAGCTAGTCGATCGTAGCTAGTCA
9,Penguin,GATCGATCGATCGATCGATCGATCGATCGATCGATCGAT
10,Monkey,ATCGATCGATCGATCGATCGATCGATCGATCGATCGATC